Workbook

Sheet FLS_List_2024
A1: FLS Service/Unit | B1: NHS Trust | C1: NHS Trust UPPER CASE | D1: NHS Trust code | E1: ICB code
A2: Airedale NHS Foundation Trust | B2: Airedale NHS Foundation Trust | C2: =UPPER(B2) -> AIREDALE NHS FOUNDATION TRUST | D2: RCF | E2: QWO
A3: Ashford and St. Peter's Hospitals NHS Foundation Trust | B3: Ashford and St Peter’s Hospitals NHS Foundation Trust | C3: =UPPER(B3) -> ASHFORD AND ST PETER’S HOSPITALS NHS FOUNDATION TRUST | D3: RTK | E3: QXU
A4: Barking Havering and Redbridge University Hospital Hospitals Trust | B4: Barking, Havering and Redbridge University Hospitals NHS Trust | C4: =UPPER(B4) -> BARKING, HAVERING AND REDBRIDGE UNIVERSITY HOSPITALS NHS TRUST | D4: RF4 | E4: QMF
A5: Barnet Hospital | B5: Royal Free London NHS Foundation Trust | C5: =UPPER(B5) -> ROYAL FREE LONDON NHS FOUNDATION TRUST | D5: RAL | E5: QMJ
A6: Basildon and Thurrock Hospital | B6: Mid and South Essex NHS Foundation Trust | C6: =UPPER(B6) -> MID AND SOUTH ESSEX NHS FOUNDATION TRUST | D6: RAJ | E6: QH8
A7: Bedford Hospital | B7: Bedfordshire Hospitals NHS Foundation Trust | C7: =UPPER(B7) -> BEDFORDSHIRE HOSPITALS NHS FOUNDATION TRUST | D7: RC9 | E7: QHG
A8: Bradford Teaching Hospitals Foundation Trust | B8: Bradford Teaching Hospitals NHS Foundation Trust | C8: =UPPER(B8) -> BRADFORD TEACHING HOSPITALS NHS FOUNDATION TRUST | D8: RAE | E8: QWO
A9: Broomfield Hospital | B9: Mid and South Essex NHS Foundation Trust | C9: =UPPER(B9) -> MID AND SOUTH ESSEX NHS FOUNDATION TRUST | D9: RAJ | E9: QH8
A10: Buckinghamshire Healthcare NHS Trust | B10: Buckinghamshire Healthcare NHS Trust | C10: =UPPER(B10) -> BUCKINGHAMSHIRE HEALTHCARE NHS TRUST | D10: RXQ | E10: QU9
A11: Cambridge University Hospitals NHS Foundation Trust FLS | B11: Cambridge University Hospitals NHS Foundation Trust | C11: =UPPER(B11) -> CAMBRIDGE UNIVERSITY HOSPITALS NHS FOUNDATION TRUST | D11: RGT | E11: QUE
A12: Chelsea and Westminster Hospital NHS Foundation Trust | B12: Chelsea and Westminster Hospital NHS Foundation Trust | C12: =UPPER(B12) -> CHELSEA AND WESTMINSTER HOSPITAL NHS FOUNDATION TRUST | D12: RQM | E12: QRV
A13: Chesterfield Hospital NHS Foundation Trust | B13: Chesterfield Royal Hospital NHS Foundation Trust | C13: =UPPER(B13) -> CHESTERFIELD ROYAL HOSPITAL NHS FOUNDATION TRUST | D13: RFS | E13: QJ2
... A74: Yeovil Hospital | B74: Somerset NHS Foundation Trust | C74: =UPPER(B74) -> SOMERSET NHS FOUNDATION TRUST | D74: RH5 | E74: QSL

Sheet ICB lookup
A1: High Level Health Geography | B1: ICB Name | C1: Number of FLSs in ICB | G1: 33 with | H1: 9 without
A2: QE1 | B2: NHS LANCASHIRE AND SOUTH CUMBRIA ICB | C2: =COUNTIF(FLS_List_2024!E:E,'ICB lookup'!A2) -> 1
A3: QF7 | B3: NHS SOUTH YORKSHIRE ICB | C3: =COUNTIF(FLS_List_2024!E:E,'ICB lookup'!A3) -> 1
A4: QGH | B4: NHS HEREFORDSHIRE AND WORCESTERSHIRE ICB | C4: =COUNTIF(FLS_List_2024!E:E,'ICB lookup'!A4) -> 1
A5: QH8 | B5: NHS MID AND SOUTH ESSEX ICB | C5: =COUNTIF(FLS_List_2024!E:E,'ICB lookup'!A5) -> 3
A6: QHG | B6: NHS BEDFORDSHIRE, LUTON AND MILTON KEYNES ICB | C6: =COUNTIF(FLS_List_2024!E:E,'ICB lookup'!A6) -> 2
A7: QHL | B7: NHS BIRMINGHAM AND SOLIHULL ICB | C7: =COUNTIF(FLS_List_2024!E:E,'ICB lookup'!A7) -> 1
A8: QHM | B8: NHS NORTH EAST AND NORTH CUMBRIA ICB | C8: =COUNTIF(FLS_List_2024!E:E,'ICB lookup'!A8) -> 5
A9: QJ2 | B9: NHS DERBY AND DERBYSHIRE ICB | C9: =COUNTIF(FLS_List_2024!E:E,'ICB lookup'!A9) -> 2
A10: QJG | B10: NHS SUFFOLK AND NORTH EAST ESSEX ICB | C10: =COUNTIF(FLS_List_2024!E:E,'ICB lookup'!A10) -> 2
A11: QJK | B11: NHS DEVON ICB | C11: =COUNTIF(FLS_List_2024!E:E,'ICB lookup'!A11) -> 0
A12: QJM | B12: NHS LINCOLNSHIRE ICB | C12: =COUNTIF(FLS_List_2024!E:E,'ICB lookup'!A12) -> 0
A13: QK1 | B13: NHS LEICESTER, LEICESTERSHIRE AND RUTLAND ICB | C13: =COUNTIF(FLS_List_2024!E:E,'ICB lookup'!A13) -> 0
... A43: QYG | B43: NHS CHESHIRE AND MERSEYSIDE ICB | C43: =COUNTIF(FLS_List_2024!E:E,'ICB lookup'!A43) -> 0
